{"MinEpReturn": 5.109149899738259, "ValueLoss": 1753.3095703125, "MeanEpReturn": 227.44703849486984, "KL": 0.008413500152528286, "TimesEarlyStopped": 0, "MeanEpLength": 482.375, "_runtime": 8.599921941757202, "global_step": 0, "AvgEarlyStopStep": 0, "MaxEpReturn": 501.23423443679525, "StdEpLength": 427.6388480657481, "Entropy": 0.9134584665298462, "epoch": 0, "DeltaPolLoss": -0.020647762343287468, "_timestamp": 1597359503.92014, "PolicyLoss": 4.39882263947311e-08, "_step": 0, "StdEpReturn": 204.29236396248362, "DeltaValLoss": -378.187255859375}
