{"MinEpReturn": 198.9845279725327, "ValueLoss": 1566.20263671875, "MeanEpReturn": 356.6756284015065, "KL": 0.0032639617566019297, "TimesEarlyStopped": 0, "MeanEpLength": 843.75, "_runtime": 32.951555013656616, "global_step": 0, "AvgEarlyStopStep": 0, "MaxEpReturn": 448.2119861833123, "StdEpLength": 270.6329386826371, "Entropy": 0.9193854331970215, "epoch": 0, "DeltaPolLoss": -0.018235594034194946, "_timestamp": 1597359110.421161, "PolicyLoss": -3.349780897110577e-08, "_step": 0, "StdEpReturn": 98.89359699516304, "DeltaValLoss": -353.2369384765625}
