{"initial_reset_timestamp": 1597359253.597337, "timestamps": [1597359254.333688], "episode_lengths": [416], "episode_rewards": [185.32649177508716], "episode_types": ["t", "t"]}